{
  "politics": {
    "sources": [
      "reuters.com",
      "apnews.com",
      "bbc.com",
      "bbc.co.uk",
      "thehindu.com",
      "ndtv.com",
      "altnews.in",
      "factcheck.org",
      "politifact.com",
      "thewire.in",
      "thequint.com",
      "scroll.in",
      "pbs.org",
      "npr.org",
      "c-span.org"
    ],
    "weight": 0.9
  },
  "health": {
    "sources": [
      "who.int",
      "cdc.gov",
      "nih.gov",
      "medicalnewstoday.com",
      "webmd.com",
      "mayoclinic.org",
      "health.harvard.edu",
      "hopkinsmedicine.org",
      "clevelandclinic.org",
      "bmj.com",
      "thelancet.com",
      "nejm.org",
      "healthline.com"
    ],
    "weight": 0.95
  },
  "science": {
    "sources": [
      "nature.com",
      "science.org",
      "scientificamerican.com",
      "nasa.gov",
      "arxiv.org",
      "newscientist.com",
      "sciencedaily.com",
      "pnas.org",
      "cell.com",
      "springer.com",
      "sciencemag.org",
      "phys.org"
    ],
    "weight": 0.9
  },
  "technology": {
    "sources": [
      "arstechnica.com",
      "techcrunch.com",
      "wired.com",
      "theverge.com",
      "ieee.org",
      "zdnet.com",
      "engadget.com",
      "technologyreview.com",
      "venturebeat.com",
      "cnet.com",
      "techmeme.com"
    ],
    "weight": 0.8
  },
  "economy": {
    "sources": [
      "bloomberg.com",
      "ft.com",
      "reuters.com",
      "economictimes.com",
      "wsj.com",
      "forbes.com",
      "businesstoday.in",
      "economist.com",
      "marketwatch.com",
      "cnbc.com",
      "businessinsider.com",
      "moneycontrol.com",
      "livemint.com"
    ],
    "weight": 0.85
  },
  "climate": {
    "sources": [
      "ipcc.ch",
      "climate.nasa.gov",
      "noaa.gov",
      "carbonbrief.org",
      "climatecentral.org",
      "epa.gov",
      "unenvironment.org",
      "wmo.int",
      "nature.com/nclimate"
    ],
    "weight": 0.95
  },
  "sports": {
    "sources": [
      "espn.com",
      "espncricinfo.com",
      "bbc.com/sport",
      "reuters.com/sports",
      "apnews.com/sports",
      "sportstar.thehindu.com",
      "theguardian.com/sport",
      "si.com",
      "olympics.com"
    ],
    "weight": 0.75
  },
  "entertainment": {
    "sources": [
      "variety.com",
      "hollywoodreporter.com",
      "deadline.com",
      "imdb.com",
      "rottentomatoes.com",
      "billboard.com",
      "rollingstone.com"
    ],
    "weight": 0.7
  },
  "education": {
    "sources": [
      "edweek.org",
      "chronicle.com",
      "insidehighered.com",
      "timeshighereducation.com",
      "unesco.org",
      "ncert.nic.in",
      "education.gov.in"
    ],
    "weight": 0.85
  },
  "legal": {
    "sources": [
      "supremecourt.gov",
      "indiankanoon.org",
      "scobserver.in",
      "livelaw.in",
      "barandbench.com",
      "justia.com",
      "law.cornell.edu"
    ],
    "weight": 0.9
  },
  "environment": {
    "sources": [
      "unep.org",
      "worldwildlife.org",
      "iucn.org",
      "conservation.org",
      "greenpeace.org",
      "edf.org",
      "downtoearth.org.in"
    ],
    "weight": 0.85
  },
  "space": {
    "sources": [
      "nasa.gov",
      "esa.int",
      "isro.gov.in",
      "space.com",
      "spacenews.com",
      "planetary.org"
    ],
    "weight": 0.9
  },
  "cybersecurity": {
    "sources": [
      "krebsonsecurity.com",
      "bleepingcomputer.com",
      "schneier.com",
      "cert.org",
      "us-cert.gov",
      "cisa.gov"
    ],
    "weight": 0.85
  },
  "history": {
    "sources": [
      "historytoday.com",
      "history.com",
      "smithsonianmag.com",
      "archaeology.org",
      "britishmuseum.org"
    ],
    "weight": 0.8
  },
  "general": {
    "sources": [
      "reuters.com",
      "apnews.com",
      "bbc.com",
      "theguardian.com",
      "nytimes.com",
      "washingtonpost.com",
      "thehindu.com",
      "timesofindia.com",
      "indianexpress.com",
      "hindustantimes.com"
    ],
    "weight": 0.8
  }
}
